{"cameraMode":{"drawMode":0,"name":"Shaded","section":"Shading Mode"},"sceneLighting":false,"audioPlay":false,"sceneViewState":{"showFog":true,"showMaterialUpdate":false,"showSkybox":false,"showFlares":true,"showImageEffects":true,"showParticleSystems":true},"in2DMode":false,"pivot":{"x":0.0634765550494194,"y":1.751953125,"z":0.3487125635147095},"rotation":{"x":0.00008678358426550403,"y":-0.9999164342880249,"z":0.013500126078724862,"w":0.006294133607298136},"size":1.1564799547195435,"orthographic":true}