{"cameraMode":{"drawMode":0,"name":"Shaded","section":"Shading Mode"},"sceneLighting":false,"audioPlay":false,"sceneViewState":{"showFog":true,"showMaterialUpdate":false,"showSkybox":false,"showFlares":true,"showImageEffects":true,"showParticleSystems":true},"in2DMode":false,"pivot":{"x":0.6702253818511963,"y":1.1449999809265137,"z":2.2400002479553224},"rotation":{"x":-0.326575368642807,"y":0.45431941747665408,"z":-0.18357296288013459,"w":-0.8082402348518372},"size":15.475170135498047,"orthographic":false}