{"cameraMode":{"drawMode":0,"name":"Shaded","section":"Shading Mode"},"sceneLighting":true,"audioPlay":false,"sceneViewState":{"showFog":true,"showMaterialUpdate":false,"showSkybox":true,"showFlares":true,"showImageEffects":true,"showParticleSystems":true},"in2DMode":false,"pivot":{"x":1.0809326171875,"y":0.5386962890625,"z":0.505615234375},"rotation":{"x":0.16692298650741578,"y":0.5787872076034546,"z":-0.12242081016302109,"w":0.788825273513794},"size":1.2296990156173707,"orthographic":true}