{"cameraMode":{"drawMode":0,"name":"Shaded","section":"Shading Mode"},"sceneLighting":false,"audioPlay":false,"sceneViewState":{"showFog":true,"showMaterialUpdate":false,"showSkybox":false,"showFlares":true,"showImageEffects":true,"showParticleSystems":true},"in2DMode":false,"pivot":{"x":0.42972588539123537,"y":-0.15641960501670838,"z":-0.344418466091156},"rotation":{"x":0.06637368351221085,"y":0.9137614369392395,"z":-0.16627737879753114,"w":0.364753782749176},"size":0.9526380896568298,"orthographic":true}